Economy,Economy Code,"Region, WB","Population 15+, 2016, WDI",Gallup World Poll identifier,Weight,Respondent is female,Respondent age,Respondent education level,Within-economy household income quintile,Respondent is in the workforce,Has a debit card,If has debit card: card in own name,If has debit card: used card in past 12 months,Used mobile phone or internet to access FI account,Used mobile phone or internet to check account balance,Has a credit card,If has credit card: used card in past 12 months,If has account: any deposit into account in past 12 months,If has account: any withdrawal from account in past 12 months,If does not have account: b/c too far away,If does not have account: b/c too expensive,If does not have account: b/c lack documentation,If does not have account: b/c lack trust,If does not have account: b/c religious reasons,If does not have account: b/c lack of money,If does not have account: b/c family member already has one,If does not have account: b/c no need for financial services,Made bill payments online using the Internet,Bought something online using the Internet,Paid online or in cash at delivery,Saved in past 12 months: for farm/business purposes,Saved in past 12 months: for old age,Saved in past 12 months: using an account at a financial institution,Saved in past 12 months: using an informal savings club,"Has loan from a financial institution for home, apartment, or land",Borrowed in past 12 months: for medical purposes,Borrowed in past 12 months: for farm/business purposes,Borrowed in past 12 months: from a financial institution,Borrowed in past 12 months: from family or friends,Borrowed in past 12 months: from an informal savings club,Possibility of coming up with emergency funds,Main source of emergency funds,Sent domestic remittances in past 12 months,If sent domestic remittances: through a financial institution,If sent domestic remittances: through a mobile phone,If sent domestic remittances: in cash,If sent domestic remittances: through an MTO,Received domestic remittances in past 12 months,If received domestic remittances: through a financial institution,If received domestic remittances: through a mobile phone,If received domestic remittances: in cash,If received domestic remittances: through an MTO,Paid utility bills in past 12 months,If paid utility bills: using an account,If paid utility bills: through a mobile phone,If paid utility bills: in cash,Received wage payments in past 12 months,If received wage payments: work in public sector,If received wage payments: into an account,If received wage payments: through a mobile phone,If received wage payments: in cash,If received wage payments: to a card,If received cashless wage payments: first account,If received cashless wage payments: opened to receive payments,Received government transfers in past 12 months,Received government transfers in past 12 months: pension,If received government transfers: into an account,If received government transfers: through a mobile phone,If received government transfers: in cash,If received government transfers: to a card,If received cashless government transfers: first account,If received cashless government transfers: opened to receive payments,Received agricultural payments in past 12 months,If received agricultural payments: into an account,If received agricultural payments: through a mobile phone,If received agricultural payments: in cash,If received agricultural payments: to a card,If received agricultural payments: opened to receive payments,If received agricultural payments: opened to receive payments,Received self-employment payments: in past 12 months,If received self-employment payments: into an account,If received self-employment payments: through a mobile phone,If received self-employment payments: in cash,If received self-employment payments: to a card,Marginal: Used debit card in your own name,Marginal: Used mobile phone or internet to access FI account,Marginal: Used mobile phone or internet to check account balance,Owns a mobile phone,Has a national ID,Has an account at a financial institution,Has a mobile money account,Has an account,Saved in the past year,Borrowed in the past year,Payments: wage payments,Payments: government transfers,Payments: government pension,Payments: selling agricultural goods,Payments: utility bills,Domestic remittances,Pay online [of adults]- F2F,Pay online [of buyers]- F2F,Pay in cash when order is delivered [of adults]- F2F,Pay in cash when order is delivered [of buyers]- F2F
Nigeria,NGA,Sub-Saharan Africa (excluding high income),103991688,147266181,0.5223771813646628,Female,40,secondary,Richest 20%,in workforce,no,NA,NA,NA,NA,no,NA,NA,NA,no,no,no,no,no,yes,yes,no,no,no,NA,no,no,no,no,no,no,no,no,no,NA,Not possible,NA,no,NA,NA,NA,NA,yes,no,no,no,yes,no,NA,NA,NA,no,NA,NA,NA,NA,NA,NA,NA,no,no,NA,NA,NA,NA,NA,NA,no,NA,NA,NA,NA,NA,NA,yes,no,no,yes,no,NA,NA,NA,yes,NA,0,0,0,0,0,"Main source: Borrowing from a bank, empoyer, or private lender",4,4,4,4,2,no/dk/ref,NA,no/dk/ref,NA
Tanzania,TZA,Sub-Saharan Africa (excluding high income),30519122,164111452,0.8609653010896399,Female,43,completed primary or less,Second 20%,in workforce,yes,yes,yes,no,no,no,NA,no,no,NA,NA,NA,NA,NA,NA,NA,NA,no,no,NA,no,no,no,yes,no,no,no,yes,yes,yes,Possible,Main source: Family or friends,no,NA,NA,NA,NA,no,NA,NA,NA,NA,yes,no,no,no,no,NA,NA,NA,NA,NA,NA,NA,no,no,NA,NA,NA,NA,NA,NA,no,NA,NA,NA,NA,NA,NA,no,NA,NA,NA,NA,NA,NA,NA,yes,NA,yes,0,yes,yes,yes,"Main source: Borrowing from a bank, empoyer, or private lender",4,4,4,3,5,no/dk/ref,NA,no/dk/ref,NA
Colombia,COL,Latin America & Caribbean (excluding high income),37031184,185295740,2.1433874548884684,Male,60,completed primary or less,Second 20%,in workforce,no,NA,NA,no,no,no,NA,yes,yes,NA,NA,NA,NA,NA,NA,NA,NA,no,no,NA,no,no,no,no,no,yes,no,no,no,NA,Not possible,NA,no,NA,NA,NA,NA,yes,no,no,no,no,yes,yes,no,NA,no,NA,NA,NA,NA,NA,NA,NA,yes,no,yes,no,NA,NA,NA,NA,no,NA,NA,NA,NA,NA,NA,no,NA,NA,NA,NA,NA,NA,NA,yes,yes,yes,0,yes,0,yes,"Main source: Borrowing from a bank, empoyer, or private lender",1,4,4,1,4,no/dk/ref,NA,no/dk/ref,NA
Mali,MLI,Sub-Saharan Africa (excluding high income),9386639,173501819,0.2730322021011637,Male,39,completed tertiary or more,Richest 20%,in workforce,no,NA,NA,no,no,no,NA,yes,yes,NA,NA,NA,NA,NA,NA,NA,NA,no,no,NA,no,no,no,no,no,no,no,no,yes,NA,Not possible,NA,yes,yes,yes,NA,NA,yes,yes,yes,NA,NA,yes,no,no,no,no,NA,NA,NA,NA,NA,NA,NA,no,no,NA,NA,NA,NA,NA,NA,yes,no,yes,NA,NA,no,NA,NA,NA,NA,NA,NA,NA,NA,NA,yes,yes,yes,yes,yes,yes,yes,"Main source: Borrowing from a bank, empoyer, or private lender",4,4,1,3,1,no/dk/ref,NA,no/dk/ref,NA
Bolivia,BOL,Latin America & Caribbean (excluding high income),7400247,144976184,0.7788627383274715,Male,19,secondary,Richest 20%,out of workforce,no,NA,NA,no,no,no,NA,yes,no,NA,NA,NA,NA,NA,NA,NA,NA,no,no,NA,no,no,yes,no,no,no,no,no,no,NA,Possible,Main source: Savings,no,NA,NA,NA,NA,yes,yes,no,NA,NA,no,NA,NA,NA,yes,no,no,no,yes,no,NA,NA,no,no,NA,NA,NA,NA,NA,NA,no,NA,NA,NA,NA,NA,NA,NA,NA,NA,NA,NA,NA,NA,NA,yes,yes,yes,0,yes,yes,0,Main source: Family or friends,4,4,4,4,1,no/dk/ref,NA,no/dk/ref,NA
Thailand,THA,East Asia & Pacific (excluding high income),56707896,172668925,0.4178893232297281,Female,38,secondary,Richest 20%,in workforce,yes,yes,no,no,no,no,NA,yes,yes,NA,NA,NA,NA,NA,NA,NA,NA,no,no,NA,no,yes,no,no,no,no,no,no,no,NA,Not possible,NA,yes,yes,no,NA,NA,yes,no,no,yes,yes,yes,no,no,yes,no,NA,NA,NA,NA,NA,NA,NA,yes,no,yes,no,NA,NA,NA,NA,no,NA,NA,NA,NA,NA,NA,no,NA,NA,NA,NA,NA,NA,NA,yes,yes,yes,0,yes,yes,yes,"Main source: Borrowing from a bank, empoyer, or private lender",1,4,4,2,1,no/dk/ref,NA,no/dk/ref,NA
Malta,MLT,High income: nonOECD,373991.15625,144890449,1.8582608508026028,Male,32,secondary,Middle 20%,in workforce,yes,yes,yes,yes,yes,yes,yes,yes,yes,NA,NA,NA,NA,NA,NA,NA,NA,yes,yes,NA,no,no,no,NA,yes,no,no,yes,no,NA,Possible,Main source: Savings,NA,NA,NA,NA,NA,NA,NA,NA,NA,NA,yes,yes,yes,NA,yes,no,yes,no,NA,NA,No,NA,yes,no,yes,no,NA,NA,NA,NA,NA,NA,NA,NA,NA,NA,NA,NA,NA,NA,NA,NA,NA,NA,NA,yes,NA,yes,NA,yes,yes,yes,into an account,1,4,NA,1,NA,NA,NA,NA,NA
Paraguay,PRY,Latin America & Caribbean (excluding high income),4726514,144099356,0.5566539502342086,Female,49,completed primary or less,Richest 20%,in workforce,no,NA,NA,NA,NA,no,NA,NA,NA,no,no,no,no,no,no,no,yes,no,no,NA,no,no,no,no,no,no,no,no,no,NA,Possible,Main source: Family or friends,no,NA,NA,NA,NA,no,NA,NA,NA,NA,yes,no,no,yes,no,NA,NA,NA,NA,NA,NA,NA,no,no,NA,NA,NA,NA,NA,NA,no,NA,NA,NA,NA,NA,NA,yes,no,no,yes,no,NA,NA,NA,yes,yes,0,0,0,0,0,"Main source: Borrowing from a bank, empoyer, or private lender",4,4,4,2,5,no/dk/ref,NA,no/dk/ref,NA
West Bank and Gaza,PSE,Middle East & North Africa (excluding high income),2738738,201475583,0.25585169662070084,Male,40,completed tertiary or more,Middle 20%,in workforce,yes,yes,no,no,yes,no,NA,yes,yes,NA,NA,NA,NA,NA,NA,NA,NA,no,no,NA,no,no,no,no,yes,no,no,yes,yes,NA,Possible,Main source: Family or friends,no,NA,NA,NA,NA,no,NA,NA,NA,NA,yes,yes,no,NA,yes,yes,yes,no,NA,NA,Yes,Yes,no,no,NA,NA,NA,NA,NA,NA,no,NA,NA,NA,NA,NA,NA,NA,NA,NA,NA,NA,NA,NA,NA,yes,NA,yes,NA,yes,0,yes,into an account,4,4,4,1,5,no/dk/ref,NA,no/dk/ref,NA
Botswana,BWA,Sub-Saharan Africa (excluding high income),1538662,188565128,0.7639136062276243,Female,43,secondary,Middle 20%,in workforce,yes,yes,yes,yes,yes,yes,no,yes,yes,NA,NA,NA,NA,NA,NA,NA,NA,no,no,NA,yes,no,yes,no,no,no,no,no,yes,NA,Possible,Main source: Family or friends,yes,yes,yes,NA,NA,yes,yes,yes,NA,NA,yes,no,yes,NA,yes,no,yes,yes,NA,NA,Yes,No,no,no,NA,NA,NA,NA,NA,NA,no,NA,NA,NA,NA,NA,NA,NA,NA,NA,NA,NA,NA,NA,NA,yes,yes,yes,yes,yes,yes,yes,into an account,4,4,4,1,1,no/dk/ref,NA,no/dk/ref,NA
Cameroon,CMR,Sub-Saharan Africa (excluding high income),13382741,167409024,2.381037344160612,Female,15,completed primary or less,Poorest 20%,out of workforce,no,NA,NA,NA,NA,no,NA,NA,NA,no,yes,no,no,no,yes,no,yes,no,no,NA,no,no,no,yes,no,no,no,no,no,no,Not possible,NA,no,NA,NA,NA,NA,yes,yes,no,NA,NA,no,NA,NA,NA,no,NA,NA,NA,NA,NA,NA,NA,no,no,NA,NA,NA,NA,NA,NA,yes,no,no,yes,no,NA,NA,NA,NA,NA,NA,NA,NA,NA,NA,no,no,0,0,0,yes,0,"Main source: Borrowing from a bank, empoyer, or private lender",4,4,2,4,2,no/dk/ref,NA,no/dk/ref,NA
Benin,BEN,Sub-Saharan Africa (excluding high income),6211794,127767727,0.6072656169105581,Female,22,secondary,Richest 20%,in workforce,no,NA,NA,no,yes,no,NA,yes,yes,NA,NA,NA,NA,NA,NA,NA,NA,no,no,NA,no,no,no,no,no,yes,no,no,no,NA,Possible,Main source: Money from working,yes,yes,yes,NA,NA,yes,yes,yes,NA,NA,yes,no,no,yes,yes,yes,yes,yes,NA,NA,Yes,Yes,no,no,NA,NA,NA,NA,NA,NA,yes,yes,yes,NA,NA,no,NA,NA,NA,NA,NA,NA,NA,NA,NA,yes,yes,yes,yes,yes,0,yes,into an account,4,4,1,2,1,no/dk/ref,NA,no/dk/ref,NA
Lithuania,LTU,High income: nonOECD,2450315.75,190442806,1.1587496789025158,Female,58,completed tertiary or more,Fourth 20%,out of workforce,no,NA,NA,yes,no,no,NA,yes,yes,NA,NA,NA,NA,NA,NA,NA,NA,yes,yes,Pay online,no,no,no,no,no,no,no,no,no,NA,Possible,Main source: Family or friends,no,NA,NA,NA,NA,no,NA,NA,NA,NA,no,NA,NA,NA,no,NA,NA,NA,NA,NA,NA,NA,yes,no,yes,no,NA,NA,NA,NA,no,NA,NA,NA,NA,NA,NA,no,NA,NA,NA,NA,NA,NA,NA,yes,yes,yes,NA,yes,0,0,"Main source: Borrowing from a bank, empoyer, or private lender",1,4,4,4,5,yes,yes,no/dk/ref,no/dk/ref
Norway,NOR,High income: OECD,4300062,151076754,0.7040441063742426,Male,71,secondary,Richest 20%,in workforce,yes,yes,yes,yes,yes,yes,yes,yes,yes,NA,NA,NA,NA,NA,NA,NA,NA,yes,yes,NA,yes,yes,yes,NA,no,no,yes,yes,no,NA,Possible,"Main source: Borrowing from a bank, empoyer, or private lender",NA,NA,NA,NA,NA,NA,NA,NA,NA,NA,yes,yes,no,NA,yes,no,yes,no,NA,NA,No,NA,no,yes,yes,no,NA,NA,NA,NA,NA,NA,NA,NA,NA,NA,NA,NA,NA,NA,NA,NA,NA,NA,NA,yes,NA,yes,NA,yes,yes,yes,into an account,4,1,NA,1,NA,NA,NA,NA,NA
Bulgaria,BGR,Europe & Central Asia (excluding high income),6123295.5,145142632,0.358229695615418,Female,79,completed tertiary or more,Second 20%,out of workforce,yes,yes,no,no,no,no,NA,no,yes,NA,NA,NA,NA,NA,NA,NA,NA,no,no,NA,no,no,no,no,no,yes,no,no,yes,NA,(dk),NA,no,NA,NA,NA,NA,no,NA,NA,NA,NA,yes,no,no,yes,no,NA,NA,NA,NA,NA,NA,NA,no,yes,no,no,no,no,NA,NA,no,NA,NA,NA,NA,NA,NA,no,NA,NA,NA,NA,NA,NA,NA,no,yes,yes,NA,yes,0,yes,"Main source: Borrowing from a bank, empoyer, or private lender",4,3,4,2,5,no/dk/ref,NA,no/dk/ref,NA
Mexico,MEX,Latin America & Caribbean (excluding high income),93002320,199224558,0.6321816462086037,Female,41,completed tertiary or more,Richest 20%,in workforce,yes,no,NA,NA,NA,no,NA,NA,NA,no,yes,no,yes,no,yes,no,no,no,no,NA,no,no,no,yes,no,no,no,yes,yes,yes,Not possible,NA,no,NA,NA,NA,NA,no,NA,NA,NA,NA,no,NA,NA,NA,yes,yes,yes,no,NA,NA,Yes,Yes,yes,no,yes,no,NA,NA,NA,NA,no,NA,NA,NA,NA,NA,NA,NA,NA,NA,NA,NA,no,no,no,yes,yes,yes,0,yes,yes,yes,into an account,1,4,4,4,5,no/dk/ref,NA,no/dk/ref,NA
"Hong Kong SAR, China",HKG,High income: nonOECD,6522989,177999951,0.2008729632031921,Male,23,secondary,Fourth 20%,in workforce,yes,yes,no,no,no,yes,yes,yes,yes,NA,NA,NA,NA,NA,NA,NA,NA,no,yes,NA,no,yes,yes,NA,no,no,no,no,no,NA,Possible,Main source: Savings,NA,NA,NA,NA,NA,NA,NA,NA,NA,NA,no,NA,NA,NA,yes,no,yes,no,NA,NA,Yes,Yes,no,no,NA,NA,NA,NA,NA,NA,NA,NA,NA,NA,NA,NA,NA,NA,NA,NA,NA,NA,NA,NA,NA,yes,NA,yes,NA,yes,yes,yes,into an account,4,4,NA,4,NA,NA,NA,NA,NA
Burkina Faso,BFA,Sub-Saharan Africa (excluding high income),10183266,155026025,0.30777264479346084,Male,33,completed tertiary or more,Richest 20%,in workforce,yes,yes,no,no,no,no,NA,yes,yes,NA,NA,NA,NA,NA,NA,NA,NA,no,no,NA,no,no,no,no,no,no,no,no,no,NA,Possible,Main source: Savings,yes,no,yes,NA,NA,no,NA,NA,NA,NA,yes,no,no,yes,yes,no,no,no,yes,no,NA,NA,no,no,NA,NA,NA,NA,NA,NA,no,NA,NA,NA,NA,NA,NA,NA,NA,NA,NA,NA,NA,NA,NA,yes,yes,yes,yes,yes,yes,0,Main source: Family or friends,4,4,4,2,1,no/dk/ref,NA,no/dk/ref,NA
Cyprus,CYP,High income: nonOECD,972712,166962229,0.8288044653739047,Male,50,secondary,Richest 20%,in workforce,yes,yes,no,no,no,no,NA,yes,yes,NA,NA,NA,NA,NA,NA,NA,NA,no,no,NA,no,no,no,NA,no,no,no,no,no,NA,Possible,"Main source: Borrowing from a bank, empoyer, or private lender",NA,NA,NA,NA,NA,NA,NA,NA,NA,NA,yes,yes,no,NA,yes,no,yes,no,NA,NA,Yes,Yes,no,no,NA,NA,NA,NA,NA,NA,NA,NA,NA,NA,NA,NA,NA,NA,NA,NA,NA,NA,NA,NA,NA,yes,NA,yes,NA,yes,yes,0,into an account,4,4,NA,1,NA,NA,NA,NA,NA
Cote d'Ivoire,CIV,Sub-Saharan Africa (excluding high income),13607149,145402145,0.682328790830977,Male,46,completed primary or less,Middle 20%,in workforce,no,NA,NA,NA,NA,no,NA,NA,NA,(dk),no,no,no,no,yes,no,no,no,no,NA,no,no,no,no,no,no,no,no,no,NA,Possible,Main source: Money from working,yes,no,no,yes,yes,no,NA,NA,NA,NA,no,NA,NA,NA,yes,no,no,no,yes,no,NA,NA,no,no,NA,NA,NA,NA,NA,NA,yes,no,no,yes,no,NA,NA,NA,NA,NA,NA,NA,NA,NA,NA,no,no,0,0,0,0,yes,Main source: Family or friends,4,4,2,4,2,no/dk/ref,NA,no/dk/ref,NA
Belgium,BEL,High income: OECD,9415427,207033379,1.590710679403593,Female,30,secondary,Richest 20%,in workforce,yes,yes,yes,yes,yes,no,NA,yes,yes,NA,NA,NA,NA,NA,NA,NA,NA,yes,yes,NA,yes,yes,yes,NA,no,no,no,no,no,NA,Possible,"Main source: Borrowing from a bank, empoyer, or private lender",NA,NA,NA,NA,NA,NA,NA,NA,NA,NA,yes,yes,yes,NA,yes,no,yes,no,NA,NA,No,NA,yes,no,yes,no,NA,NA,NA,NA,NA,NA,NA,NA,NA,NA,NA,NA,NA,NA,NA,NA,NA,NA,NA,yes,NA,yes,NA,yes,yes,0,into an account,1,4,NA,1,NA,NA,NA,NA,NA
Israel,ISR,High income: OECD,6161980,181728632,2.170007186881945,Male,17,secondary,Fourth 20%,out of workforce,no,NA,NA,NA,NA,no,NA,NA,NA,no,no,no,no,no,yes,yes,yes,no,no,NA,no,no,no,no,no,no,no,no,no,NA,Possible,Main source: Family or friends,no,NA,NA,NA,NA,no,NA,NA,NA,NA,no,NA,NA,NA,no,NA,NA,NA,NA,NA,NA,NA,no,no,NA,NA,NA,NA,NA,NA,no,NA,NA,NA,NA,NA,NA,no,NA,NA,NA,NA,NA,NA,NA,yes,yes,0,NA,0,0,0,"Main source: Borrowing from a bank, empoyer, or private lender",4,4,4,4,5,no/dk/ref,NA,no/dk/ref,NA
United States,USA,High income: OECD,261642064,201200573,0.6381055312963293,Male,25,completed tertiary or more,Richest 20%,in workforce,yes,yes,yes,yes,yes,yes,yes,yes,yes,NA,NA,NA,NA,NA,NA,NA,NA,yes,yes,NA,no,yes,yes,NA,no,no,no,yes,no,NA,Possible,Main source: Money from working,NA,NA,NA,NA,NA,NA,NA,NA,NA,NA,yes,no,yes,NA,yes,no,yes,no,NA,NA,No,NA,no,no,NA,NA,NA,NA,NA,NA,NA,NA,NA,NA,NA,NA,NA,NA,NA,NA,NA,NA,NA,NA,NA,yes,NA,yes,NA,yes,yes,yes,into an account,4,4,NA,3,NA,NA,NA,NA,NA
Croatia,HRV,Europe & Central Asia (excluding high income),3557444.5,125159951,1.2069374803774262,Male,61,secondary,Poorest 20%,in workforce,yes,yes,yes,no,no,no,NA,yes,yes,NA,NA,NA,NA,NA,NA,NA,NA,no,no,NA,no,no,no,no,no,no,no,no,no,NA,Not possible,NA,no,NA,NA,NA,NA,no,NA,NA,NA,NA,yes,yes,no,NA,yes,no,yes,no,NA,NA,No,NA,no,no,NA,NA,NA,NA,NA,NA,no,NA,NA,NA,NA,NA,NA,NA,NA,NA,NA,NA,NA,NA,NA,yes,yes,yes,NA,yes,0,0,into an account,4,4,4,1,5,no/dk/ref,NA,no/dk/ref,NA
Canada,CAN,High income: OECD,30491168,205504212,1.9952631240164687,Female,56,secondary,Fourth 20%,out of workforce,yes,yes,yes,no,yes,yes,yes,yes,yes,NA,NA,NA,NA,NA,NA,NA,NA,no,yes,NA,no,yes,no,NA,no,no,no,no,no,NA,Possible,Main source: Savings,NA,NA,NA,NA,NA,NA,NA,NA,NA,NA,no,NA,NA,NA,no,NA,NA,NA,NA,NA,NA,NA,no,no,NA,NA,NA,NA,NA,NA,NA,NA,NA,NA,NA,NA,NA,no,NA,NA,NA,NA,NA,NA,NA,no,NA,yes,NA,yes,yes,yes,"Main source: Borrowing from a bank, empoyer, or private lender",4,4,NA,4,NA,NA,NA,NA,NA
Jordan,JOR,Middle East & North Africa (excluding high income),6072449,198454054,0.8664754162408037,Female,48,completed primary or less,Middle 20%,out of workforce,no,NA,NA,NA,NA,no,NA,NA,NA,no,yes,no,no,no,yes,no,no,no,no,NA,no,no,no,no,no,no,no,no,yes,NA,Not possible,NA,no,NA,NA,NA,NA,no,NA,NA,NA,NA,no,NA,NA,NA,no,NA,NA,NA,NA,NA,NA,NA,no,no,NA,NA,NA,NA,NA,NA,no,NA,NA,NA,NA,NA,NA,no,NA,NA,NA,NA,NA,NA,NA,yes,yes,0,0,0,0,yes,"Main source: Borrowing from a bank, empoyer, or private lender",4,4,4,4,5,no/dk/ref,NA,no/dk/ref,NA
Portugal,PRT,High income: OECD,8893440,159891033,0.30958064137825547,Male,45,completed tertiary or more,Richest 20%,in workforce,yes,yes,yes,yes,yes,yes,yes,yes,yes,NA,NA,NA,NA,NA,NA,NA,NA,yes,yes,NA,no,no,yes,NA,yes,no,no,no,no,NA,Possible,Main source: Savings,NA,NA,NA,NA,NA,NA,NA,NA,NA,NA,yes,yes,no,NA,yes,yes,yes,no,NA,NA,Yes,Yes,no,no,NA,NA,NA,NA,NA,NA,NA,NA,NA,NA,NA,NA,NA,NA,NA,NA,NA,NA,NA,NA,NA,yes,NA,yes,NA,yes,yes,yes,into an account,4,4,NA,1,NA,NA,NA,NA,NA
Cambodia,KHM,East Asia & Pacific (excluding high income),10814416,152693127,0.5457430362176873,Female,28,completed primary or less,Richest 20%,in workforce,no,NA,NA,NA,NA,no,NA,NA,NA,no,no,yes,yes,yes,yes,no,yes,no,no,NA,no,no,no,no,yes,no,yes,yes,no,NA,Possible,Main source: Money from working,no,NA,NA,NA,NA,yes,no,(dk),yes,yes,yes,yes,no,NA,no,NA,NA,NA,NA,NA,NA,NA,no,no,NA,NA,NA,NA,NA,NA,no,NA,NA,NA,NA,NA,NA,yes,no,no,yes,no,no,no,no,yes,yes,yes,yes,yes,0,yes,"Main source: Borrowing from a bank, empoyer, or private lender",4,4,4,1,2,no/dk/ref,NA,no/dk/ref,NA
Albania,ALB,Europe & Central Asia (excluding high income),2366387,187118971,1.2235837671563152,Male,73,completed primary or less,Middle 20%,out of workforce,no,NA,NA,NA,NA,no,NA,NA,NA,yes,yes,no,yes,yes,no,no,no,no,no,NA,no,no,no,no,no,yes,no,yes,yes,NA,Not possible,NA,no,NA,NA,NA,NA,yes,no,no,yes,no,yes,no,no,yes,no,NA,NA,NA,NA,NA,NA,NA,no,yes,no,no,no,no,NA,NA,yes,no,no,yes,no,NA,NA,NA,NA,NA,NA,NA,NA,NA,NA,yes,yes,0,0,0,0,yes,"Main source: Borrowing from a bank, empoyer, or private lender",4,3,2,2,3,no/dk/ref,NA,no/dk/ref,NA
India,IND,South Asia,950815296,142414038,0.4819286703043465,Male,26,secondary,Middle 20%,in workforce,no,NA,NA,no,no,no,NA,yes,yes,NA,NA,NA,NA,NA,NA,NA,NA,no,no,NA,no,no,no,no,no,no,no,no,no,NA,Possible,Main source: Savings,no,NA,NA,NA,NA,no,NA,NA,NA,NA,yes,no,no,yes,no,NA,NA,NA,NA,NA,NA,NA,no,no,NA,NA,NA,NA,NA,NA,yes,no,no,no,no,NA,NA,NA,NA,NA,NA,NA,NA,NA,NA,yes,yes,yes,0,yes,0,0,"Main source: Borrowing from a bank, empoyer, or private lender",4,4,3,2,5,no/dk/ref,NA,no/dk/ref,NA
Botswana,BWA,Sub-Saharan Africa (excluding high income),1538662,114171075,1.9157934539641301,Male,29,secondary,Second 20%,in workforce,no,NA,NA,NA,NA,no,NA,NA,NA,no,yes,no,no,no,no,no,no,no,no,NA,no,no,no,yes,no,no,no,no,no,no,Not possible,NA,yes,no,no,yes,no,yes,no,no,yes,no,yes,no,no,yes,yes,no,no,no,yes,no,NA,NA,no,no,NA,NA,NA,NA,NA,NA,no,NA,NA,NA,NA,NA,NA,NA,NA,NA,NA,NA,NA,NA,NA,yes,yes,0,0,0,yes,0,Main source: Family or friends,4,4,4,2,3,no/dk/ref,NA,no/dk/ref,NA
Cyprus,CYP,High income: nonOECD,972712,185524353,0.8659915043198794,Male,52,completed tertiary or more,Second 20%,out of workforce,no,NA,NA,no,no,no,NA,yes,yes,NA,NA,NA,NA,NA,NA,NA,NA,no,no,NA,no,no,no,NA,no,yes,no,no,yes,NA,Not possible,NA,NA,NA,NA,NA,NA,NA,NA,NA,NA,NA,yes,no,no,yes,no,NA,NA,NA,NA,NA,NA,NA,yes,yes,yes,no,NA,NA,No,NA,NA,NA,NA,NA,NA,NA,NA,no,NA,NA,NA,NA,NA,NA,NA,yes,NA,yes,NA,yes,0,yes,"Main source: Borrowing from a bank, empoyer, or private lender",1,1,NA,2,NA,NA,NA,NA,NA
Chile,CHL,High income: OECD,14228191,132859853,0.30669737007510356,Female,57,secondary,Fourth 20%,in workforce,yes,yes,yes,no,yes,yes,yes,yes,yes,NA,NA,NA,NA,NA,NA,NA,NA,no,no,NA,no,no,no,no,no,no,no,no,no,NA,Not possible,NA,no,NA,NA,NA,NA,no,NA,NA,NA,NA,yes,no,no,yes,yes,no,no,no,yes,yes,NA,NA,no,no,NA,NA,NA,NA,NA,NA,no,NA,NA,NA,NA,NA,NA,NA,NA,NA,NA,NA,NA,NA,NA,yes,yes,yes,0,yes,yes,yes,into an account,4,4,4,2,5,no/dk/ref,NA,no/dk/ref,NA
Morocco,MAR,Middle East & North Africa (excluding high income),25550170,12719,1.3908649974067049,Female,35,completed primary or less,Second 20%,out of workforce,no,NA,NA,NA,NA,no,NA,NA,NA,no,no,no,no,no,yes,no,no,no,no,NA,no,no,no,no,no,no,no,no,no,NA,Possible,Main source: Family or friends,no,NA,NA,NA,NA,yes,no,no,yes,yes,no,NA,NA,NA,no,NA,NA,NA,NA,NA,NA,NA,no,no,NA,NA,NA,NA,NA,NA,no,NA,NA,NA,NA,NA,NA,no,NA,NA,NA,NA,NA,NA,NA,yes,yes,0,0,0,0,0,"Main source: Borrowing from a bank, empoyer, or private lender",4,4,4,4,2,no/dk/ref,NA,no/dk/ref,NA
Brazil,BRA,Latin America & Caribbean (excluding high income),161686272,193722784,1.4070622202794312,Female,75,completed primary or less,Richest 20%,out of workforce,yes,yes,no,no,no,no,NA,no,yes,NA,NA,NA,NA,NA,NA,NA,NA,no,no,NA,no,no,no,no,no,no,no,no,no,NA,Not possible,NA,no,NA,NA,NA,NA,no,NA,NA,NA,NA,yes,no,no,yes,no,NA,NA,NA,NA,NA,NA,NA,no,no,NA,NA,NA,NA,NA,NA,no,NA,NA,NA,NA,NA,NA,no,NA,NA,NA,NA,NA,NA,NA,no,yes,yes,0,yes,0,0,"Main source: Borrowing from a bank, empoyer, or private lender",4,4,4,2,5,no/dk/ref,NA,no/dk/ref,NA
Paraguay,PRY,Latin America & Caribbean (excluding high income),4726514,184312907,0.7174699350583941,Female,31,secondary,Fourth 20%,out of workforce,no,NA,NA,NA,NA,no,NA,NA,NA,yes,yes,no,no,no,yes,yes,yes,no,no,NA,no,no,no,no,no,no,no,no,no,NA,Possible,Main source: Family or friends,no,NA,NA,NA,NA,no,NA,NA,NA,NA,no,NA,NA,NA,no,NA,NA,NA,NA,NA,NA,NA,no,no,NA,NA,NA,NA,NA,NA,no,NA,NA,NA,NA,NA,NA,no,NA,NA,NA,NA,NA,NA,NA,no,yes,0,0,0,0,0,"Main source: Borrowing from a bank, empoyer, or private lender",4,4,4,4,5,no/dk/ref,NA,no/dk/ref,NA
Uruguay,URY,High income: nonOECD,2712852,142401719,0.4178554555821968,Female,58,secondary,Fourth 20%,in workforce,yes,no,NA,NA,NA,yes,yes,NA,NA,yes,yes,no,yes,no,yes,no,yes,no,yes,In cash,yes,no,no,no,no,no,no,no,no,NA,Not possible,NA,no,NA,NA,NA,NA,no,NA,NA,NA,NA,yes,no,no,yes,no,NA,NA,NA,NA,NA,NA,NA,no,no,NA,NA,NA,NA,NA,NA,no,NA,NA,NA,NA,NA,NA,no,NA,NA,NA,NA,NA,NA,NA,yes,yes,0,NA,0,yes,yes,"Main source: Borrowing from a bank, empoyer, or private lender",4,4,4,2,5,no/dk/ref,no/dk/ref,yes,yes
United Arab Emirates,ARE,High income: nonOECD,7982274,208869927,2.3297878735915583,Male,24,secondary,Second 20%,in workforce,yes,no,NA,NA,NA,no,NA,no,no,NA,NA,NA,NA,NA,NA,NA,NA,yes,no,NA,no,no,no,NA,no,yes,no,no,yes,NA,Not possible,NA,NA,NA,NA,NA,NA,NA,NA,NA,NA,NA,yes,no,no,yes,no,NA,NA,NA,NA,NA,NA,NA,no,no,NA,NA,NA,NA,NA,NA,NA,NA,NA,NA,NA,NA,NA,no,NA,NA,NA,NA,NA,NA,NA,yes,NA,yes,0,yes,yes,yes,"Main source: Borrowing from a bank, empoyer, or private lender",4,4,NA,2,NA,NA,NA,NA,NA
Ghana,GHA,Sub-Saharan Africa (excluding high income),17297232,112501050,1.0675817432281771,Male,56,secondary,Fourth 20%,in workforce,no,NA,NA,NA,NA,no,NA,NA,NA,no,no,no,yes,no,no,no,no,no,no,NA,no,yes,yes,yes,no,no,no,no,no,no,Possible,Main source: Savings,yes,no,yes,NA,NA,no,NA,NA,NA,NA,yes,yes,no,NA,no,NA,NA,NA,NA,NA,NA,NA,no,no,NA,NA,NA,NA,NA,NA,yes,no,no,yes,no,NA,NA,NA,NA,NA,NA,NA,no,no,no,yes,NA,yes,yes,yes,yes,0,"Main source: Borrowing from a bank, empoyer, or private lender",4,4,2,1,1,no/dk/ref,NA,no/dk/ref,NA
Ethiopia,ETH,Sub-Saharan Africa (excluding high income),60314800,132640460,0.9797071157458809,Female,30,completed primary or less,Middle 20%,in workforce,(dk),NA,NA,NA,NA,(dk),NA,NA,NA,no,no,no,no,no,yes,no,no,(dk),(dk),NA,no,no,no,yes,no,no,no,no,no,yes,Possible,Main source: Selling assets,no,NA,NA,NA,NA,no,NA,NA,NA,NA,yes,no,no,yes,no,NA,NA,NA,NA,NA,NA,NA,no,no,NA,NA,NA,NA,NA,NA,yes,no,no,yes,no,NA,NA,NA,NA,NA,NA,NA,NA,NA,NA,no,yes,0,0,0,yes,yes,"Main source: Borrowing from a bank, empoyer, or private lender",4,4,2,2,5,no/dk/ref,NA,no/dk/ref,NA
Senegal,SEN,Sub-Saharan Africa (excluding high income),8785339,183584856,0.33720498249302217,Male,35,secondary,Second 20%,in workforce,no,NA,NA,NA,NA,yes,yes,NA,NA,no,no,no,no,no,no,no,no,yes,no,NA,no,no,yes,yes,no,no,yes,yes,no,no,Possible,Main source: Savings,yes,yes,yes,NA,NA,yes,no,no,no,no,yes,no,yes,NA,no,NA,NA,NA,NA,NA,NA,NA,no,no,NA,NA,NA,NA,NA,NA,no,NA,NA,NA,NA,NA,NA,no,NA,NA,NA,NA,NA,NA,NA,yes,yes,0,yes,yes,yes,yes,"Main source: Borrowing from a bank, empoyer, or private lender",4,4,4,1,1,no/dk/ref,NA,no/dk/ref,NA
Central African Republic,CAF,Sub-Saharan Africa (excluding high income),2595884,175204163,2.6735895478423854,Female,52,completed primary or less,Richest 20%,out of workforce,no,NA,NA,NA,NA,no,NA,NA,NA,no,yes,no,no,no,yes,no,no,no,no,NA,no,no,no,no,no,no,no,no,no,NA,(dk),NA,yes,no,no,yes,no,yes,yes,no,NA,NA,yes,no,no,yes,(ref),NA,NA,NA,NA,NA,NA,NA,no,no,NA,NA,NA,NA,NA,NA,no,NA,NA,NA,NA,NA,NA,no,NA,NA,NA,NA,NA,NA,NA,yes,NA,0,NA,0,0,0,Main source: Selling assets,4,4,4,2,2,no/dk/ref,NA,no/dk/ref,NA
Nicaragua,NIC,Latin America & Caribbean (excluding high income),4335264,186483557,0.310482748634529,Female,50,completed primary or less,Poorest 20%,in workforce,no,NA,NA,NA,NA,no,NA,NA,NA,no,yes,no,yes,no,yes,no,no,no,no,NA,no,no,no,no,no,no,no,no,no,NA,Possible,Main source: Some other source,no,NA,NA,NA,NA,no,NA,NA,NA,NA,no,NA,NA,NA,no,NA,NA,NA,NA,NA,NA,NA,no,no,NA,NA,NA,NA,NA,NA,no,NA,NA,NA,NA,NA,NA,no,NA,NA,NA,NA,NA,NA,NA,no,yes,0,0,0,0,0,"Main source: Borrowing from a bank, empoyer, or private lender",4,4,4,4,5,no/dk/ref,NA,no/dk/ref,NA
Brazil,BRA,Latin America & Caribbean (excluding high income),161686272,200281683,1.5038001850386915,Male,68,secondary,Richest 20%,in workforce,yes,yes,no,no,no,yes,no,no,yes,NA,NA,NA,NA,NA,NA,NA,NA,no,no,NA,no,no,no,no,no,no,no,no,no,NA,Possible,Main source: Money from working,yes,no,no,no,no,no,NA,NA,NA,NA,yes,no,no,yes,no,NA,NA,NA,NA,NA,NA,NA,no,no,NA,NA,NA,NA,NA,NA,no,NA,NA,NA,NA,NA,NA,yes,no,no,yes,no,NA,NA,NA,no,yes,yes,0,yes,0,0,"Main source: Borrowing from a bank, empoyer, or private lender",4,4,4,2,4,no/dk/ref,NA,no/dk/ref,NA
Namibia,NAM,Sub-Saharan Africa (excluding high income),1564881,130723180,0.583291530319215,Male,32,secondary,Fourth 20%,in workforce,yes,yes,yes,yes,yes,no,NA,yes,yes,NA,NA,NA,NA,NA,NA,NA,NA,no,no,NA,no,no,no,no,no,no,no,no,yes,NA,Not possible,NA,yes,yes,yes,NA,NA,yes,yes,yes,NA,NA,yes,yes,yes,NA,no,NA,NA,NA,NA,NA,NA,NA,no,no,NA,NA,NA,NA,NA,NA,no,NA,NA,NA,NA,NA,NA,yes,no,no,yes,no,NA,NA,NA,yes,yes,yes,yes,yes,0,yes,"Main source: Borrowing from a bank, empoyer, or private lender",4,4,4,1,1,no/dk/ref,NA,no/dk/ref,NA
Guatemala,GTM,Latin America & Caribbean (excluding high income),10669036,197034234,0.7479595919620624,Male,33,completed primary or less,Richest 20%,in workforce,no,NA,NA,NA,NA,no,NA,NA,NA,no,no,no,no,no,no,no,no,no,no,NA,no,no,no,no,no,no,no,no,no,NA,Possible,Main source: Family or friends,no,NA,NA,NA,NA,no,NA,NA,NA,NA,no,NA,NA,NA,no,NA,NA,NA,NA,NA,NA,NA,no,no,NA,NA,NA,NA,NA,NA,no,NA,NA,NA,NA,NA,NA,no,NA,NA,NA,NA,NA,NA,NA,yes,yes,0,0,0,0,0,"Main source: Borrowing from a bank, empoyer, or private lender",4,4,4,4,5,no/dk/ref,NA,no/dk/ref,NA
Mali,MLI,Sub-Saharan Africa (excluding high income),9386639,172262758,0.8363402054148142,Female,16,secondary,Richest 20%,in workforce,no,NA,NA,NA,NA,no,NA,NA,NA,no,no,yes,no,no,yes,yes,no,no,yes,In cash,no,no,no,no,no,no,no,no,no,NA,Not possible,NA,yes,no,yes,NA,NA,yes,no,yes,NA,NA,no,NA,NA,NA,no,NA,NA,NA,NA,NA,NA,NA,no,no,NA,NA,NA,NA,NA,NA,yes,no,yes,NA,NA,no,NA,NA,NA,NA,NA,NA,NA,NA,NA,yes,yes,0,yes,yes,yes,0,"Main source: Borrowing from a bank, empoyer, or private lender",4,4,1,4,1,no/dk/ref,no/dk/ref,yes,yes
China,CHN,East Asia & Pacific (excluding high income),1134633728,168567175,0.49057536784227845,Male,65,completed primary or less,Fourth 20%,out of workforce,no,NA,NA,NA,NA,no,NA,NA,NA,no,no,no,no,no,no,yes,no,no,no,NA,no,no,no,no,no,no,no,no,no,NA,Not possible,NA,no,NA,NA,NA,NA,no,NA,NA,NA,NA,yes,no,no,no,yes,no,yes,no,NA,NA,(DK),NA,no,no,NA,NA,NA,NA,NA,NA,no,NA,NA,NA,NA,NA,NA,NA,NA,NA,NA,NA,no,no,no,yes,yes,yes,NA,yes,0,0,into an account,4,4,4,3,5,no/dk/ref,NA,no/dk/ref,NA
Libya,LBY,Middle East & North Africa (excluding high income),4505025,152033657,0.3839149849919506,Male,20,secondary,Richest 20%,in workforce,no,NA,NA,NA,NA,no,NA,NA,NA,no,(dk),yes,no,(dk),(dk),yes,(dk),no,no,NA,no,no,no,NA,no,no,no,no,no,NA,Possible,Main source: Money from working,NA,NA,NA,NA,NA,NA,NA,NA,NA,NA,no,NA,NA,NA,no,NA,NA,NA,NA,NA,NA,NA,no,no,NA,NA,NA,NA,NA,NA,NA,NA,NA,NA,NA,NA,NA,yes,no,no,yes,no,NA,NA,NA,yes,NA,0,NA,0,0,0,"Main source: Borrowing from a bank, empoyer, or private lender",4,4,NA,4,NA,NA,NA,NA,NA
Myanmar,MMR,East Asia & Pacific (excluding high income),38409136,201925651,1.931929684160361,Female,16,completed primary or less,Middle 20%,out of workforce,no,NA,NA,NA,NA,no,NA,NA,NA,no,no,no,no,no,no,(dk),no,no,no,NA,no,no,no,no,no,no,no,no,no,NA,Possible,Main source: Savings,no,NA,NA,NA,NA,no,NA,NA,NA,NA,no,NA,NA,NA,no,NA,NA,NA,NA,NA,NA,NA,no,no,NA,NA,NA,NA,NA,NA,no,NA,NA,NA,NA,NA,NA,no,NA,NA,NA,NA,NA,NA,NA,no,no,0,0,0,yes,0,"Main source: Borrowing from a bank, empoyer, or private lender",4,4,4,4,5,no/dk/ref,NA,no/dk/ref,NA
Tajikistan,TJK,Europe & Central Asia (excluding high income),5663042,136484386,1.670520020459506,Male,43,completed primary or less,Poorest 20%,out of workforce,no,NA,NA,NA,NA,no,NA,NA,NA,no,yes,no,yes,yes,yes,no,no,no,no,NA,no,no,no,no,no,no,no,no,no,NA,Not possible,NA,no,NA,NA,NA,NA,no,NA,NA,NA,NA,yes,no,no,yes,no,NA,NA,NA,NA,NA,NA,NA,no,no,NA,NA,NA,NA,NA,NA,no,NA,NA,NA,NA,NA,NA,no,NA,NA,NA,NA,NA,NA,NA,no,yes,0,NA,0,0,0,"Main source: Borrowing from a bank, empoyer, or private lender",4,4,4,2,5,no/dk/ref,NA,no/dk/ref,NA
Finland,FIN,High income: OECD,4595527.5,207907282,0.5788633088040834,Male,56,secondary,Richest 20%,in workforce,yes,yes,yes,yes,yes,yes,yes,yes,yes,NA,NA,NA,NA,NA,NA,NA,NA,yes,yes,NA,yes,yes,yes,NA,yes,no,no,no,no,NA,Possible,Main source: Savings,NA,NA,NA,NA,NA,NA,NA,NA,NA,NA,yes,yes,yes,NA,yes,no,yes,no,NA,NA,No,NA,no,no,NA,NA,NA,NA,NA,NA,NA,NA,NA,NA,NA,NA,NA,NA,NA,NA,NA,NA,NA,NA,NA,yes,NA,yes,NA,yes,yes,yes,into an account,4,4,NA,1,NA,NA,NA,NA,NA
Netherlands,NLD,High income: OECD,14194824,168289091,0.3907560408998833,Male,79,secondary,Richest 20%,out of workforce,yes,yes,yes,no,yes,no,NA,no,yes,NA,NA,NA,NA,NA,NA,NA,NA,yes,no,NA,no,yes,yes,NA,yes,no,no,no,no,NA,Possible,Main source: Savings,NA,NA,NA,NA,NA,NA,NA,NA,NA,NA,yes,yes,no,NA,no,NA,NA,NA,NA,NA,NA,NA,no,yes,yes,no,NA,NA,NA,NA,NA,NA,NA,NA,NA,NA,NA,no,NA,NA,NA,NA,NA,NA,NA,yes,NA,yes,NA,yes,yes,0,"Main source: Borrowing from a bank, empoyer, or private lender",4,1,NA,1,NA,NA,NA,NA,NA
Montenegro,MNE,Europe & Central Asia (excluding high income),509031.5625,135083413,0.39225979055536747,Male,39,secondary,Fourth 20%,in workforce,no,NA,NA,NA,NA,no,NA,NA,NA,no,yes,no,no,no,no,no,yes,no,no,NA,no,no,no,no,no,no,no,no,no,NA,Possible,Main source: Family or friends,no,NA,NA,NA,NA,yes,no,no,yes,no,yes,no,no,yes,no,NA,NA,NA,NA,NA,NA,NA,no,no,NA,NA,NA,NA,NA,NA,no,NA,NA,NA,NA,NA,NA,no,NA,NA,NA,NA,NA,NA,NA,yes,yes,0,NA,0,0,0,"Main source: Borrowing from a bank, empoyer, or private lender",4,4,4,2,3,no/dk/ref,NA,no/dk/ref,NA
United Kingdom,GBR,High income: OECD,54072744,130403228,1.0389057833386943,Male,24,completed primary or less,Second 20%,in workforce,yes,yes,yes,yes,yes,yes,yes,yes,yes,NA,NA,NA,NA,NA,NA,NA,NA,yes,yes,NA,no,yes,yes,NA,yes,no,no,yes,yes,NA,Possible,Main source: Money from working,NA,NA,NA,NA,NA,NA,NA,NA,NA,NA,yes,yes,no,NA,yes,no,yes,no,NA,NA,No,NA,no,no,NA,NA,NA,NA,NA,NA,NA,NA,NA,NA,NA,NA,NA,NA,NA,NA,NA,NA,NA,NA,NA,yes,NA,yes,NA,yes,yes,yes,into an account,4,4,NA,1,NA,NA,NA,NA,NA
Bulgaria,BGR,Europe & Central Asia (excluding high income),6123295.5,190419121,1.1913572913908137,Female,44,secondary,Fourth 20%,in workforce,yes,yes,yes,yes,yes,no,NA,yes,yes,NA,NA,NA,NA,NA,NA,NA,NA,yes,yes,Pay online,no,no,no,no,no,no,no,no,no,NA,Possible,Main source: Family or friends,no,NA,NA,NA,NA,no,NA,NA,NA,NA,yes,yes,no,NA,yes,no,yes,no,NA,NA,Yes,No,no,no,NA,NA,NA,NA,NA,NA,no,NA,NA,NA,NA,NA,NA,NA,NA,NA,NA,NA,NA,NA,NA,yes,yes,yes,NA,yes,0,0,into an account,4,4,4,1,5,yes,yes,no/dk/ref,no/dk/ref
Greece,GRC,High income: OECD,9204938,197615567,1.3387336137706054,Female,31,completed tertiary or more,Richest 20%,in workforce,yes,yes,yes,yes,no,no,NA,yes,yes,NA,NA,NA,NA,NA,NA,NA,NA,no,yes,In cash,no,no,no,no,no,no,no,no,no,NA,Possible,Main source: Family or friends,no,NA,NA,NA,NA,yes,no,no,yes,no,no,NA,NA,NA,yes,no,yes,no,NA,NA,Yes,Yes,no,no,NA,NA,NA,NA,NA,NA,no,NA,NA,NA,NA,NA,NA,NA,NA,NA,NA,NA,NA,NA,NA,yes,yes,yes,NA,yes,0,0,into an account,4,4,4,4,3,no/dk/ref,no/dk/ref,yes,yes
West Bank and Gaza,PSE,Middle East & North Africa (excluding high income),2738738,168369046,0.8761077890923354,Female,67,completed primary or less,Second 20%,out of workforce,no,NA,NA,NA,NA,no,NA,NA,NA,no,no,no,no,no,yes,no,no,no,no,NA,no,no,no,yes,no,no,no,no,no,no,Possible,Main source: Family or friends,no,NA,NA,NA,NA,no,NA,NA,NA,NA,no,NA,NA,NA,no,NA,NA,NA,NA,NA,NA,NA,no,no,NA,NA,NA,NA,NA,NA,no,NA,NA,NA,NA,NA,NA,no,NA,NA,NA,NA,NA,NA,NA,yes,NA,0,NA,0,yes,0,"Main source: Borrowing from a bank, empoyer, or private lender",4,4,4,4,5,no/dk/ref,NA,no/dk/ref,NA
Cyprus,CYP,High income: nonOECD,972712,171414084,0.42105935313257503,Female,85,completed primary or less,Fourth 20%,out of workforce,no,NA,NA,no,no,no,NA,yes,yes,NA,NA,NA,NA,NA,NA,NA,NA,no,no,NA,no,no,no,NA,no,no,no,no,no,NA,Possible,Main source: Family or friends,NA,NA,NA,NA,NA,NA,NA,NA,NA,NA,yes,yes,no,NA,no,NA,NA,NA,NA,NA,NA,NA,no,no,NA,NA,NA,NA,NA,NA,NA,NA,NA,NA,NA,NA,NA,no,NA,NA,NA,NA,NA,NA,NA,yes,NA,yes,NA,yes,0,0,"Main source: Borrowing from a bank, empoyer, or private lender",4,4,NA,1,NA,NA,NA,NA,NA
"Hong Kong SAR, China",HKG,High income: nonOECD,6522989,199111566,1.2928070689347477,Female,24,secondary,Middle 20%,in workforce,yes,yes,yes,yes,yes,yes,yes,yes,yes,NA,NA,NA,NA,NA,NA,NA,NA,yes,yes,NA,no,no,yes,NA,no,no,no,no,no,NA,Possible,Main source: Savings,NA,NA,NA,NA,NA,NA,NA,NA,NA,NA,no,NA,NA,NA,yes,no,yes,no,NA,NA,Yes,No,yes,no,yes,no,NA,NA,NA,NA,NA,NA,NA,NA,NA,NA,NA,NA,NA,NA,NA,NA,NA,NA,NA,yes,NA,yes,NA,yes,yes,yes,into an account,1,4,NA,4,NA,NA,NA,NA,NA
Denmark,DNK,High income: OECD,4780077,113294998,1.3485898844701296,Male,27,secondary,Middle 20%,in workforce,yes,yes,yes,yes,yes,yes,no,yes,yes,NA,NA,NA,NA,NA,NA,NA,NA,yes,yes,NA,no,yes,no,NA,no,no,no,yes,no,NA,Possible,Main source: Savings,NA,NA,NA,NA,NA,NA,NA,NA,NA,NA,yes,yes,no,NA,yes,no,yes,no,NA,NA,No,NA,yes,no,yes,no,NA,NA,NA,NA,NA,NA,NA,NA,NA,NA,NA,NA,NA,NA,NA,NA,NA,NA,NA,yes,NA,yes,NA,yes,yes,yes,into an account,1,4,NA,1,NA,NA,NA,NA,NA
Mexico,MEX,Latin America & Caribbean (excluding high income),93002320,112858661,0.7919749647325267,Female,19,secondary,Middle 20%,out of workforce,no,NA,NA,NA,NA,no,NA,NA,NA,no,yes,no,no,no,yes,no,no,no,no,NA,no,no,no,yes,no,yes,no,no,no,no,Not possible,NA,no,NA,NA,NA,NA,no,NA,NA,NA,NA,yes,no,no,yes,no,NA,NA,NA,NA,NA,NA,NA,yes,no,yes,no,NA,NA,NA,NA,no,NA,NA,NA,NA,NA,NA,no,NA,NA,NA,NA,no,no,no,yes,yes,yes,0,yes,yes,yes,"Main source: Borrowing from a bank, empoyer, or private lender",1,4,4,2,5,no/dk/ref,NA,no/dk/ref,NA
Zambia,ZMB,Sub-Saharan Africa (excluding high income),9110045,158973358,2.53159970582918,Male,31,secondary,Fourth 20%,in workforce,yes,no,NA,NA,NA,no,NA,yes,yes,NA,NA,NA,NA,NA,NA,NA,NA,no,no,NA,yes,no,no,no,no,yes,no,no,no,NA,Possible,"Main source: Borrowing from a bank, empoyer, or private lender",yes,no,yes,NA,NA,yes,no,yes,NA,NA,yes,no,no,yes,yes,yes,no,no,yes,no,NA,NA,no,no,NA,NA,NA,NA,NA,NA,no,NA,NA,NA,NA,NA,NA,NA,NA,NA,NA,NA,NA,NA,NA,yes,yes,yes,0,yes,yes,yes,Main source: Family or friends,4,4,4,2,2,no/dk/ref,NA,no/dk/ref,NA
Ireland,IRL,High income: OECD,3737161.5,112931897,0.45157054451557893,Female,23,secondary,Second 20%,in workforce,yes,yes,yes,no,yes,no,NA,yes,yes,NA,NA,NA,NA,NA,NA,NA,NA,no,no,NA,no,no,no,NA,no,no,no,no,no,NA,Possible,Main source: Savings,NA,NA,NA,NA,NA,NA,NA,NA,NA,NA,yes,yes,no,NA,yes,no,yes,no,NA,NA,Yes,Yes,no,no,NA,NA,NA,NA,NA,NA,NA,NA,NA,NA,NA,NA,NA,NA,NA,NA,NA,NA,NA,NA,NA,yes,NA,yes,NA,yes,yes,0,into an account,4,4,NA,1,NA,NA,NA,NA,NA
Chile,CHL,High income: OECD,14228191,145655639,0.29669309026575885,Female,57,secondary,Middle 20%,in workforce,no,NA,NA,NA,NA,no,NA,NA,NA,no,yes,no,yes,no,yes,no,no,no,no,NA,no,no,no,no,no,no,no,no,no,NA,Not possible,NA,no,NA,NA,NA,NA,no,NA,NA,NA,NA,yes,no,no,yes,yes,no,yes,no,NA,NA,Yes,Yes,no,no,NA,NA,NA,NA,NA,NA,no,NA,NA,NA,NA,NA,NA,NA,NA,NA,NA,NA,no,no,no,yes,yes,yes,0,yes,0,0,into an account,4,4,4,2,5,no/dk/ref,NA,no/dk/ref,NA
South Sudan,SSD,Sub-Saharan Africa (excluding high income),7108488,209732192,0.3132643442082103,Female,26,secondary,Middle 20%,in workforce,no,NA,NA,NA,NA,no,NA,NA,NA,no,no,no,no,no,yes,no,no,no,no,NA,no,no,no,no,no,no,no,no,no,NA,Not possible,NA,no,NA,NA,NA,NA,no,NA,NA,NA,NA,yes,no,no,yes,no,NA,NA,NA,NA,NA,NA,NA,no,no,NA,NA,NA,NA,NA,NA,no,NA,NA,NA,NA,NA,NA,yes,no,no,yes,no,NA,NA,NA,yes,yes,0,NA,0,0,0,"Main source: Borrowing from a bank, empoyer, or private lender",4,4,4,2,5,no/dk/ref,NA,no/dk/ref,NA
Mexico,MEX,Latin America & Caribbean (excluding high income),93002320,118388911,1.6782177895030523,Female,27,completed tertiary or more,Fourth 20%,out of workforce,no,NA,NA,no,no,no,NA,no,no,NA,NA,NA,NA,NA,NA,NA,NA,no,no,NA,no,no,no,no,no,yes,no,no,no,NA,Not possible,NA,no,NA,NA,NA,NA,no,NA,NA,NA,NA,yes,no,no,yes,no,NA,NA,NA,NA,NA,NA,NA,no,no,NA,NA,NA,NA,NA,NA,no,NA,NA,NA,NA,NA,NA,no,NA,NA,NA,NA,NA,NA,NA,yes,yes,yes,0,yes,yes,yes,"Main source: Borrowing from a bank, empoyer, or private lender",4,4,4,2,5,no/dk/ref,NA,no/dk/ref,NA
Mexico,MEX,Latin America & Caribbean (excluding high income),93002320,131405112,0.5019667790539113,Male,32,secondary,Poorest 20%,in workforce,no,NA,NA,NA,NA,no,NA,NA,NA,no,no,no,no,no,yes,no,no,no,no,NA,no,no,no,no,no,no,no,no,no,NA,Not possible,NA,no,NA,NA,NA,NA,no,NA,NA,NA,NA,no,NA,NA,NA,no,NA,NA,NA,NA,NA,NA,NA,no,no,NA,NA,NA,NA,NA,NA,no,NA,NA,NA,NA,NA,NA,no,NA,NA,NA,NA,NA,NA,NA,no,yes,0,0,0,0,0,"Main source: Borrowing from a bank, empoyer, or private lender",4,4,4,4,5,no/dk/ref,NA,no/dk/ref,NA
India,IND,South Asia,950815296,189800959,0.8936352430731496,Male,35,completed primary or less,Poorest 20%,in workforce,no,NA,NA,no,no,no,NA,no,no,NA,NA,NA,NA,NA,NA,NA,NA,no,no,NA,no,no,no,no,no,no,no,no,no,NA,Not possible,NA,no,NA,NA,NA,NA,no,NA,NA,NA,NA,no,NA,NA,NA,no,NA,NA,NA,NA,NA,NA,NA,no,no,NA,NA,NA,NA,NA,NA,no,NA,NA,NA,NA,NA,NA,no,NA,NA,NA,NA,NA,NA,NA,no,yes,yes,0,yes,0,0,"Main source: Borrowing from a bank, empoyer, or private lender",4,4,4,4,5,no/dk/ref,NA,no/dk/ref,NA
Kyrgyz Republic,KGZ,Europe & Central Asia (excluding high income),4165726.5,161419061,0.48885373711781843,Female,32,secondary,Second 20%,in workforce,no,NA,NA,NA,NA,no,NA,NA,NA,(dk),(dk),yes,no,(dk),(dk),no,no,no,no,NA,no,no,no,no,no,no,no,no,no,NA,Possible,Main source: Money from working,no,NA,NA,NA,NA,yes,no,no,(ref),yes,yes,no,no,yes,yes,no,no,no,yes,no,NA,NA,no,no,NA,NA,NA,NA,NA,NA,no,NA,NA,NA,NA,NA,NA,NA,NA,NA,NA,NA,NA,NA,NA,yes,yes,0,0,0,0,0,Main source: Family or friends,4,4,4,2,2,no/dk/ref,NA,no/dk/ref,NA
South Sudan,SSD,Sub-Saharan Africa (excluding high income),7108488,184257604,0.9003761348854417,Female,27,completed primary or less,Middle 20%,out of workforce,(dk),NA,NA,NA,NA,no,NA,NA,NA,no,no,no,(dk),(dk),(dk),no,no,no,no,NA,no,no,no,no,no,no,no,no,no,NA,Not possible,NA,no,NA,NA,NA,NA,no,NA,NA,NA,NA,no,NA,NA,NA,no,NA,NA,NA,NA,NA,NA,NA,no,no,NA,NA,NA,NA,NA,NA,yes,no,no,no,no,NA,NA,NA,NA,NA,NA,NA,NA,NA,NA,no,no,0,NA,0,0,0,"Main source: Borrowing from a bank, empoyer, or private lender",4,4,3,4,5,no/dk/ref,NA,no/dk/ref,NA
Croatia,HRV,Europe & Central Asia (excluding high income),3557444.5,205664473,0.3413789028917609,Male,24,completed tertiary or more,Richest 20%,in workforce,no,NA,NA,no,no,no,NA,yes,yes,NA,NA,NA,NA,NA,NA,NA,NA,no,yes,Pay online,yes,yes,yes,no,no,no,no,no,no,NA,Possible,Main source: Family or friends,no,NA,NA,NA,NA,no,NA,NA,NA,NA,no,NA,NA,NA,yes,no,yes,no,NA,NA,No,NA,yes,no,yes,no,NA,NA,NA,NA,no,NA,NA,NA,NA,NA,NA,NA,NA,NA,NA,NA,NA,NA,NA,yes,yes,yes,NA,yes,yes,0,into an account,1,4,4,4,5,yes,yes,no/dk/ref,no/dk/ref
Zimbabwe,ZWE,Sub-Saharan Africa (excluding high income),9467437,135422388,2.551892359828683,Female,54,completed primary or less,Poorest 20%,in workforce,no,NA,NA,NA,NA,no,NA,NA,NA,yes,yes,no,yes,no,yes,(dk),no,no,no,NA,no,no,no,no,no,no,no,no,no,NA,Not possible,NA,no,NA,NA,NA,NA,no,NA,NA,NA,NA,yes,no,no,yes,no,NA,NA,NA,NA,NA,NA,NA,no,no,NA,NA,NA,NA,NA,NA,no,NA,NA,NA,NA,NA,NA,no,NA,NA,NA,NA,NA,NA,NA,yes,yes,0,0,0,0,0,"Main source: Borrowing from a bank, empoyer, or private lender",4,4,4,2,5,no/dk/ref,NA,no/dk/ref,NA
Mexico,MEX,Latin America & Caribbean (excluding high income),93002320,191929552,1.61348649716072,Male,36,completed primary or less,Middle 20%,in workforce,no,NA,NA,NA,NA,no,NA,NA,NA,yes,yes,no,yes,no,no,no,yes,no,no,NA,no,no,no,no,no,no,no,no,no,NA,(dk),NA,no,NA,NA,NA,NA,no,NA,NA,NA,NA,no,NA,NA,NA,no,NA,NA,NA,NA,NA,NA,NA,no,no,NA,NA,NA,NA,NA,NA,no,NA,NA,NA,NA,NA,NA,no,NA,NA,NA,NA,NA,NA,NA,yes,yes,0,0,0,0,0,"Main source: Borrowing from a bank, empoyer, or private lender",4,4,4,4,5,no/dk/ref,NA,no/dk/ref,NA
West Bank and Gaza,PSE,Middle East & North Africa (excluding high income),2738738,179742595,2.5585169662070086,Male,17,completed primary or less,Poorest 20%,in workforce,no,NA,NA,NA,NA,no,NA,NA,NA,no,yes,no,no,no,yes,no,no,no,no,NA,no,no,no,no,no,no,no,no,no,NA,Not possible,NA,no,NA,NA,NA,NA,no,NA,NA,NA,NA,no,NA,NA,NA,no,NA,NA,NA,NA,NA,NA,NA,no,no,NA,NA,NA,NA,NA,NA,no,NA,NA,NA,NA,NA,NA,no,NA,NA,NA,NA,NA,NA,NA,yes,NA,0,NA,0,0,0,"Main source: Borrowing from a bank, empoyer, or private lender",4,4,4,4,5,no/dk/ref,NA,no/dk/ref,NA
Denmark,DNK,High income: OECD,4780077,134970549,0.9698243300509741,Female,20,secondary,Poorest 20%,in workforce,yes,yes,yes,yes,yes,yes,yes,yes,yes,NA,NA,NA,NA,NA,NA,NA,NA,yes,yes,NA,no,no,yes,NA,no,no,no,no,no,NA,Possible,Main source: Savings,NA,NA,NA,NA,NA,NA,NA,NA,NA,NA,no,NA,NA,NA,yes,no,yes,no,NA,NA,No,NA,yes,no,no,no,no,yes,NA,NA,NA,NA,NA,NA,NA,NA,NA,NA,NA,NA,NA,NA,NA,NA,NA,yes,NA,yes,NA,yes,yes,yes,into an account,1,4,NA,4,NA,NA,NA,NA,NA
Jordan,JOR,Middle East & North Africa (excluding high income),6072449,133173143,0.8756028238960509,Male,30,secondary,Middle 20%,in workforce,yes,yes,yes,no,yes,no,NA,yes,yes,NA,NA,NA,NA,NA,NA,NA,NA,no,no,NA,no,no,no,no,no,no,no,no,no,NA,Possible,Main source: Family or friends,no,NA,NA,NA,NA,no,NA,NA,NA,NA,no,NA,NA,NA,no,NA,NA,NA,NA,NA,NA,NA,no,no,NA,NA,NA,NA,NA,NA,no,NA,NA,NA,NA,NA,NA,no,NA,NA,NA,NA,NA,NA,NA,yes,yes,yes,0,yes,0,0,"Main source: Borrowing from a bank, empoyer, or private lender",4,4,4,4,5,no/dk/ref,NA,no/dk/ref,NA
"Congo, Dem. Rep.",COD,Sub-Saharan Africa (excluding high income),42245312,169255767,0.5691688478158089,Female,22,secondary,Richest 20%,out of workforce,no,NA,NA,NA,NA,no,NA,NA,NA,no,yes,yes,yes,no,yes,no,no,no,no,NA,no,no,no,no,no,no,no,no,no,NA,Not possible,NA,no,NA,NA,NA,NA,no,NA,NA,NA,NA,no,NA,NA,NA,no,NA,NA,NA,NA,NA,NA,NA,no,no,NA,NA,NA,NA,NA,NA,no,NA,NA,NA,NA,NA,NA,yes,no,no,yes,no,NA,NA,NA,yes,NA,0,0,0,yes,0,"Main source: Borrowing from a bank, empoyer, or private lender",4,4,4,4,5,no/dk/ref,NA,no/dk/ref,NA
France,FRA,High income: OECD,54738224,204585516,1.2515494129727722,Female,30,secondary,Middle 20%,in workforce,yes,yes,yes,no,yes,yes,no,yes,yes,NA,NA,NA,NA,NA,NA,NA,NA,yes,yes,NA,no,yes,no,NA,no,yes,no,no,no,NA,Possible,Main source: Family or friends,NA,NA,NA,NA,NA,NA,NA,NA,NA,NA,yes,yes,no,NA,yes,no,yes,no,NA,NA,No,NA,no,no,NA,NA,NA,NA,NA,NA,NA,NA,NA,NA,NA,NA,NA,NA,NA,NA,NA,NA,NA,NA,NA,yes,NA,yes,NA,yes,yes,yes,into an account,4,4,NA,1,NA,NA,NA,NA,NA
Colombia,COL,Latin America & Caribbean (excluding high income),37031184,146930380,0.5234752889630849,Female,40,secondary,Second 20%,in workforce,no,NA,NA,NA,NA,no,NA,NA,NA,yes,yes,no,no,no,yes,no,yes,no,no,NA,no,no,no,no,yes,no,no,no,no,NA,Possible,"Main source: Borrowing from a bank, empoyer, or private lender",yes,yes,no,NA,NA,no,NA,NA,NA,NA,yes,yes,no,NA,no,NA,NA,NA,NA,NA,NA,NA,yes,no,yes,no,NA,NA,NA,NA,yes,yes,no,NA,NA,no,NA,NA,NA,NA,NA,NA,no,no,no,yes,yes,yes,0,yes,0,0,"Main source: Borrowing from a bank, empoyer, or private lender",1,4,1,1,1,no/dk/ref,NA,no/dk/ref,NA
Germany,DEU,High income: OECD,71846928,201687853,1.0640409720127144,Female,32,completed tertiary or more,Richest 20%,in workforce,yes,yes,yes,yes,yes,yes,yes,yes,yes,NA,NA,NA,NA,NA,NA,NA,NA,no,yes,NA,yes,no,yes,NA,yes,no,no,yes,no,NA,Possible,Main source: Savings,NA,NA,NA,NA,NA,NA,NA,NA,NA,NA,yes,yes,yes,NA,no,NA,NA,NA,NA,NA,NA,NA,no,no,NA,NA,NA,NA,NA,NA,NA,NA,NA,NA,NA,NA,NA,yes,yes,yes,NA,NA,NA,NA,NA,yes,NA,yes,NA,yes,yes,yes,"Main source: Borrowing from a bank, empoyer, or private lender",4,4,NA,1,NA,NA,NA,NA,NA
Peru,PER,Latin America & Caribbean (excluding high income),22986556,206052476,0.4229542272483831,Male,54,completed tertiary or more,Richest 20%,in workforce,yes,yes,yes,no,yes,yes,yes,yes,yes,NA,NA,NA,NA,NA,NA,NA,NA,no,no,NA,no,yes,yes,no,no,no,no,yes,no,NA,Possible,Main source: Savings,no,NA,NA,NA,NA,no,NA,NA,NA,NA,yes,yes,no,NA,yes,yes,yes,no,NA,NA,No,NA,no,no,NA,NA,NA,NA,NA,NA,no,NA,NA,NA,NA,NA,NA,NA,NA,NA,NA,NA,NA,NA,NA,yes,yes,yes,0,yes,yes,yes,into an account,4,4,4,1,5,no/dk/ref,NA,no/dk/ref,NA
Russian Federation,RUS,Europe & Central Asia (excluding high income),119382752,192278652,0.8869506673520093,Female,39,secondary,Fourth 20%,in workforce,yes,yes,yes,yes,yes,yes,yes,yes,yes,NA,NA,NA,NA,NA,NA,NA,NA,yes,yes,Pay online,no,no,no,no,yes,no,no,no,yes,NA,Not possible,NA,yes,yes,no,NA,NA,yes,yes,no,NA,NA,yes,yes,no,NA,yes,no,yes,no,NA,NA,Yes,Yes,no,no,NA,NA,NA,NA,NA,NA,no,NA,NA,NA,NA,NA,NA,NA,NA,NA,NA,NA,NA,NA,NA,yes,yes,yes,NA,yes,0,yes,into an account,4,4,4,1,1,yes,yes,no/dk/ref,no/dk/ref
Singapore,SGP,High income: nonOECD,4752894,180887361,0.5163576091689106,Female,25,completed tertiary or more,Richest 20%,in workforce,yes,yes,yes,yes,yes,yes,yes,yes,yes,NA,NA,NA,NA,NA,NA,NA,NA,no,yes,Pay online,no,no,no,no,no,no,no,no,no,NA,Possible,Main source: Money from working,no,NA,NA,NA,NA,no,NA,NA,NA,NA,no,NA,NA,NA,yes,yes,yes,no,NA,NA,Yes,Yes,no,no,NA,NA,NA,NA,NA,NA,no,NA,NA,NA,NA,NA,NA,NA,NA,NA,NA,NA,NA,NA,NA,yes,yes,yes,0,yes,0,yes,into an account,4,4,4,4,5,yes,yes,no/dk/ref,no/dk/ref
Burkina Faso,BFA,Sub-Saharan Africa (excluding high income),10183266,198320436,1.3557080843477658,Male,52,completed primary or less,Poorest 20%,in workforce,yes,yes,no,no,no,(dk),NA,yes,yes,NA,NA,NA,NA,NA,NA,NA,NA,(dk),no,NA,yes,no,yes,no,no,yes,no,yes,yes,NA,Possible,Main source: Savings,yes,no,yes,NA,NA,yes,yes,yes,NA,NA,no,NA,NA,NA,no,NA,NA,NA,NA,NA,NA,NA,no,no,NA,NA,NA,NA,NA,NA,yes,yes,yes,NA,NA,no,NA,NA,NA,NA,NA,NA,NA,NA,NA,yes,yes,yes,yes,yes,yes,yes,"Main source: Borrowing from a bank, empoyer, or private lender",4,4,1,4,1,no/dk/ref,NA,no/dk/ref,NA
Bangladesh,BGD,South Asia,115857168,176113827,1.1010924318593789,Female,40,completed primary or less,Poorest 20%,out of workforce,no,NA,NA,NA,NA,no,NA,NA,NA,yes,yes,no,(dk),(dk),yes,no,(dk),no,no,NA,no,no,no,no,no,no,no,no,yes,NA,Not possible,NA,no,NA,NA,NA,NA,yes,no,no,yes,no,no,NA,NA,NA,no,NA,NA,NA,NA,NA,NA,NA,no,no,NA,NA,NA,NA,NA,NA,no,NA,NA,NA,NA,NA,NA,no,NA,NA,NA,NA,NA,NA,NA,no,yes,0,0,0,0,yes,"Main source: Borrowing from a bank, empoyer, or private lender",4,4,4,4,3,no/dk/ref,NA,no/dk/ref,NA
Cambodia,KHM,East Asia & Pacific (excluding high income),10814416,133213495,0.5280110135892757,Male,42,completed primary or less,Richest 20%,in workforce,no,NA,NA,NA,NA,no,NA,NA,NA,yes,no,yes,yes,yes,yes,yes,yes,no,no,NA,yes,yes,no,no,no,no,no,no,no,NA,Possible,Main source: Savings,no,NA,NA,NA,NA,yes,no,no,yes,no,yes,no,no,yes,yes,no,no,no,yes,no,NA,NA,no,no,NA,NA,NA,NA,NA,NA,yes,no,no,yes,no,NA,NA,NA,NA,NA,NA,NA,NA,NA,NA,yes,yes,0,0,0,yes,0,Main source: Family or friends,4,4,2,2,3,no/dk/ref,NA,no/dk/ref,NA
Chad,TCD,Sub-Saharan Africa (excluding high income),7604369,176138226,2.811676484530562,Female,18,completed primary or less,Fourth 20%,out of workforce,no,NA,NA,NA,NA,no,NA,NA,NA,(dk),(dk),(dk),(dk),no,yes,no,(dk),no,no,NA,(dk),no,no,(dk),no,(dk),(dk),(dk),(dk),NA,(dk),NA,(dk),NA,NA,NA,NA,no,NA,NA,NA,NA,(dk),NA,NA,NA,(ref),NA,NA,NA,NA,NA,NA,NA,(dk),(dk),NA,NA,NA,NA,NA,NA,(dk),NA,NA,NA,NA,NA,NA,(dk),NA,NA,NA,NA,NA,NA,NA,no,no,0,0,0,0,0,Main source: Selling assets,5,5,5,5,6,no/dk/ref,NA,no/dk/ref,NA
Thailand,THA,East Asia & Pacific (excluding high income),56707896,144831863,0.43871084368883145,Male,58,secondary,Middle 20%,in workforce,(dk),NA,NA,NA,NA,no,NA,NA,NA,yes,no,no,no,(dk),yes,yes,yes,no,no,NA,no,no,no,no,no,no,no,no,no,NA,Not possible,NA,yes,no,no,yes,no,no,NA,NA,NA,NA,yes,no,no,yes,no,NA,NA,NA,NA,NA,NA,NA,no,no,NA,NA,NA,NA,NA,NA,no,NA,NA,NA,NA,NA,NA,no,NA,NA,NA,NA,NA,NA,NA,yes,yes,0,0,0,0,0,"Main source: Borrowing from a bank, empoyer, or private lender",4,4,4,2,3,no/dk/ref,NA,no/dk/ref,NA
Namibia,NAM,Sub-Saharan Africa (excluding high income),1564881,143566271,2.1442739841160434,Female,20,completed primary or less,Poorest 20%,out of workforce,yes,yes,no,no,no,no,NA,no,no,NA,NA,NA,NA,NA,NA,NA,NA,no,no,NA,no,no,no,no,no,no,no,no,no,NA,Not possible,NA,no,NA,NA,NA,NA,no,NA,NA,NA,NA,no,NA,NA,NA,no,NA,NA,NA,NA,NA,NA,NA,no,no,NA,NA,NA,NA,NA,NA,no,NA,NA,NA,NA,NA,NA,no,NA,NA,NA,NA,NA,NA,NA,yes,yes,yes,0,yes,0,0,"Main source: Borrowing from a bank, empoyer, or private lender",4,4,4,4,5,no/dk/ref,NA,no/dk/ref,NA
Tajikistan,TJK,Europe & Central Asia (excluding high income),5663042,164920963,2.3400863655314756,Male,31,secondary,Fourth 20%,in workforce,no,NA,NA,NA,NA,no,NA,NA,NA,no,no,no,(dk),no,yes,no,no,no,no,NA,no,no,no,no,no,no,no,no,no,NA,Not possible,NA,no,NA,NA,NA,NA,no,NA,NA,NA,NA,yes,yes,no,NA,no,NA,NA,NA,NA,NA,NA,NA,no,yes,yes,no,NA,NA,NA,NA,yes,no,no,yes,no,NA,NA,NA,NA,NA,NA,NA,no,no,no,yes,yes,yes,NA,yes,0,0,"Main source: Borrowing from a bank, empoyer, or private lender",4,1,2,1,5,no/dk/ref,NA,no/dk/ref,NA
Slovenia,SVN,High income: OECD,1758821.25,167308736,0.8242168786084584,Male,63,secondary,Fourth 20%,out of workforce,yes,yes,yes,no,no,no,NA,yes,yes,NA,NA,NA,NA,NA,NA,NA,NA,no,yes,NA,no,no,no,NA,no,no,no,no,no,NA,Possible,Main source: Savings,NA,NA,NA,NA,NA,NA,NA,NA,NA,NA,yes,yes,no,NA,no,NA,NA,NA,NA,NA,NA,NA,no,yes,yes,no,NA,NA,NA,NA,NA,NA,NA,NA,NA,NA,NA,no,NA,NA,NA,NA,NA,NA,NA,yes,NA,yes,NA,yes,0,0,"Main source: Borrowing from a bank, empoyer, or private lender",4,1,NA,1,NA,NA,NA,NA,NA
Kyrgyz Republic,KGZ,Europe & Central Asia (excluding high income),4165726.5,189292490,0.4401478372448923,Male,62,secondary,Fourth 20%,in workforce,no,NA,NA,NA,NA,no,NA,NA,NA,no,no,no,no,no,no,no,no,no,no,NA,no,no,no,no,no,no,no,no,no,NA,Possible,Main source: Family or friends,(dk),NA,NA,NA,NA,no,NA,NA,NA,NA,yes,no,no,no,yes,no,no,no,no,no,NA,NA,yes,yes,yes,no,NA,NA,No,NA,yes,yes,no,NA,NA,no,NA,NA,NA,NA,NA,NA,no,no,no,yes,no,yes,0,yes,0,0,Main source: Money from working,1,1,1,3,6,no/dk/ref,NA,no/dk/ref,NA
Gabon,GAB,Sub-Saharan Africa (excluding high income),1269789,197307902,1.022288525902881,Male,28,secondary,Fourth 20%,in workforce,no,NA,NA,NA,NA,no,NA,NA,NA,no,no,yes,no,no,yes,no,yes,yes,yes,In cash,no,no,no,no,no,no,no,no,yes,NA,Not possible,NA,yes,no,yes,NA,NA,yes,yes,yes,NA,NA,yes,no,yes,NA,yes,no,no,yes,NA,NA,Yes,No,no,no,NA,NA,NA,NA,NA,NA,no,NA,NA,NA,NA,NA,NA,NA,NA,NA,NA,NA,NA,NA,NA,yes,yes,0,yes,yes,yes,yes,into an account,4,4,4,1,1,no/dk/ref,no/dk/ref,yes,yes
Tanzania,TZA,Sub-Saharan Africa (excluding high income),30519122,203798709,0.7157022062747543,Female,25,completed primary or less,Second 20%,in workforce,no,NA,NA,NA,NA,no,NA,NA,NA,yes,yes,yes,no,no,yes,no,yes,no,no,NA,no,no,no,yes,no,no,no,no,yes,yes,Not possible,NA,yes,no,yes,NA,NA,yes,no,yes,NA,NA,yes,no,yes,NA,no,NA,NA,NA,NA,NA,NA,NA,no,no,NA,NA,NA,NA,NA,NA,no,NA,NA,NA,NA,NA,NA,yes,no,no,yes,no,NA,NA,NA,yes,NA,0,yes,yes,yes,yes,"Main source: Borrowing from a bank, empoyer, or private lender",4,4,4,1,1,no/dk/ref,NA,no/dk/ref,NA
Cyprus,CYP,High income: nonOECD,972712,143373381,0.5190847131823544,Male,38,completed tertiary or more,Second 20%,in workforce,yes,yes,yes,yes,yes,no,NA,yes,yes,NA,NA,NA,NA,NA,NA,NA,NA,yes,yes,NA,no,no,no,NA,yes,no,no,no,no,NA,Possible,(dk),NA,NA,NA,NA,NA,NA,NA,NA,NA,NA,yes,yes,yes,NA,yes,no,yes,no,NA,NA,(DK),NA,yes,no,yes,no,NA,NA,NA,NA,NA,NA,NA,NA,NA,NA,NA,NA,NA,NA,NA,NA,NA,NA,NA,yes,NA,yes,NA,yes,0,0,into an account,1,4,NA,1,NA,NA,NA,NA,NA
Libya,LBY,Middle East & North Africa (excluding high income),4505025,168487961,0.28747566233563543,Male,24,completed tertiary or more,Poorest 20%,in workforce,no,NA,NA,no,no,no,NA,yes,yes,NA,NA,NA,NA,NA,NA,NA,NA,no,no,NA,yes,no,no,NA,no,no,no,no,no,NA,Possible,Main source: Money from working,NA,NA,NA,NA,NA,NA,NA,NA,NA,NA,no,NA,NA,NA,no,NA,NA,NA,NA,NA,NA,NA,no,no,NA,NA,NA,NA,NA,NA,NA,NA,NA,NA,NA,NA,NA,no,NA,NA,NA,NA,NA,NA,NA,yes,NA,yes,NA,yes,yes,0,"Main source: Borrowing from a bank, empoyer, or private lender",4,4,NA,4,NA,NA,NA,NA,NA
"Taiwan, China",TWN,,20319476,160902275,0.3189709360925297,Female,70,completed primary or less,Poorest 20%,out of workforce,yes,yes,no,no,no,no,NA,no,no,NA,NA,NA,NA,NA,NA,NA,NA,no,no,NA,no,no,no,NA,no,no,no,no,yes,NA,Not possible,NA,NA,NA,NA,NA,NA,NA,NA,NA,NA,NA,yes,no,no,yes,no,NA,NA,NA,NA,NA,NA,NA,yes,no,yes,no,NA,NA,NA,NA,NA,NA,NA,NA,NA,NA,NA,no,NA,NA,NA,NA,NA,NA,NA,yes,NA,yes,NA,yes,0,yes,"Main source: Borrowing from a bank, empoyer, or private lender",1,4,NA,2,NA,NA,NA,NA,NA
El Salvador,SLV,Latin America & Caribbean (excluding high income),4581828,151565078,0.3673168105225707,Female,35,completed primary or less,Middle 20%,in workforce,yes,yes,no,no,no,no,NA,yes,yes,NA,NA,NA,NA,NA,NA,NA,NA,no,no,NA,yes,yes,no,no,no,no,no,no,no,NA,Not possible,NA,no,NA,NA,NA,NA,no,NA,NA,NA,NA,no,NA,NA,NA,yes,no,no,no,yes,yes,NA,NA,no,no,NA,NA,NA,NA,NA,NA,no,NA,NA,NA,NA,NA,NA,NA,NA,NA,NA,NA,NA,NA,NA,yes,yes,yes,0,yes,yes,0,into an account,4,4,4,4,5,no/dk/ref,NA,no/dk/ref,NA
Guinea,GIN,Sub-Saharan Africa (excluding high income),7131860,207280853,2.0449226449302844,Female,50,completed primary or less,Second 20%,in workforce,no,NA,NA,NA,NA,no,NA,NA,NA,no,no,yes,no,no,yes,no,no,no,no,NA,yes,no,no,no,no,no,no,no,no,NA,Possible,Main source: Money from working,yes,yes,no,NA,NA,yes,no,no,yes,no,yes,no,no,no,no,NA,NA,NA,NA,NA,NA,NA,no,no,NA,NA,NA,NA,NA,NA,no,NA,NA,NA,NA,NA,NA,yes,no,no,yes,no,NA,NA,NA,yes,no,0,0,0,yes,0,"Main source: Borrowing from a bank, empoyer, or private lender",4,4,4,3,2,no/dk/ref,NA,no/dk/ref,NA
